external_id,title,description,story_points,status,sprint,team_name,project_name
US-101,Login de usuario,Como usuario quiero iniciar sesión con email y contraseña para acceder al workspace,5,ready,Sprint 1,Gerencia Riesgo,Riesgo
US-102,Recuperar contraseña,Como usuario quiero restablecer mi contraseña mediante enlace por email,3,draft,Sprint 1,Gerencia Riesgo,Riesgo
US-103,Importar User Stories CSV,Como Project Manager quiero subir un CSV de historias para centralizar el backlog del sprint,8,in_progress,Sprint 1,Gerencia Riesgo,Riesgo
US-201,Configurar capacidad del equipo,Como Tech Lead quiero definir la capacidad del sprint por miembro para planificar entregas,5,ready,Sprint 2,Gerencia Riesgo,Riesgo
US-202,Detectar sobrecarga de sprint,Como Delivery Manager quiero ver si los story points superan la capacidad disponible,8,ready,Sprint 2,Gerencia Riesgo,Riesgo
US-203,Exportar informe operativo,Como Project Manager quiero exportar un resumen del sprint para compartir con stakeholders,8,draft,Sprint 2,Gerencia Riesgo,Riesgo
US-301,Flujo ahorro,Como usuario quiero consultar productos de ahorro disponibles,13,ready,Sprint 2,Gerencia Ahorro,Ahorro
US-302,Pasarela pago,Como usuario quiero completar una operación mediante pasarela segura,8,ready,Sprint 2,Gerencia Ahorro,Pasarelas
US-303,Gestionados dashboard,Como gestor quiero consultar productos gestionados en una vista operativa,5,draft,Sprint 3,Gerencia Ahorro,Gestionados
